ID,lbm_2002,lbm_2008,lbm_2012,lbm_2014,lbm_2016,lbm_2018,lbm_2020,lbm_2022,cluster,2002,2008,2012,2014,2016,2018,2020,2022
GM0014,4.04589789,4.089954692,4.123198629,4.129274782,4.151464609,4.152570518,4.17767903,4.161926682,3,4.062886955134328,4.077514644149254,4.098040871820896,4.097555255328358,4.100845745462687,4.120962627074627,4.137471543776119,4.134993271328359
GM0034,3.967272959,3.948239104,3.936780909,3.941069862,3.983230242,4.006627624,4.022546946,4.035450878,1,4.076157466063158,4.070072947431579,4.083967035526316,4.1070988579263155,4.125697949421053,4.128177836557895,4.138546759578948,4.135825036757895
GM0037,4.054117652,4.036599152,4.060657573,4.086291826,4.081769601,4.092428226,4.100905476,4.087935289,1,4.076157466063158,4.070072947431579,4.083967035526316,4.1070988579263155,4.125697949421053,4.128177836557895,4.138546759578948,4.135825036757895
GM0047,4.085872957,4.072340863,4.07348929,4.067268377,4.099846854,4.099276576,4.106787774,4.142975984,0,4.096524932353846,4.0978043586,4.115553911738462,4.100317749153846,4.128914110569231,4.128989741553847,4.135944807569231,4.138489232076923
GM0050,4.060320737,4.055940507,4.085009423,4.078941566,4.106127979,4.102108771,4.092606248,4.097053532,0,4.096524932353846,4.0978043586,4.115553911738462,4.100317749153846,4.128914110569231,4.128989741553847,4.135944807569231,4.138489232076923
GM0059,4.07575459,4.115805085,4.106352085,4.120223743,4.12170327,4.098389255,4.100672735,4.110582531,2,4.05066727644,4.072187560093333,4.081940190866667,4.100965317826667,4.120917301213334,4.1180894698133335,4.12183468044,4.14059472768
GM0060,4.224805927,4.251038313,4.273795333,4.269222767,4.304113405,4.273583735,4.277750682,4.270089341,0,4.096524932353846,4.0978043586,4.115553911738462,4.100317749153846,4.128914110569231,4.128989741553847,4.135944807569231,4.138489232076923
GM0072,4.019295712,4.054343711,4.084872104,4.118550541,4.139620521,4.139821692,4.141180393,4.158526431,2,4.05066727644,4.072187560093333,4.081940190866667,4.100965317826667,4.120917301213334,4.1180894698133335,4.12183468044,4.14059472768
GM0074,4.087348251,4.121195886,4.113070485,4.193054495,4.159982303,4.163055072,4.167777218,4.195412662,4,4.0636667534651165,4.078576413697674,4.091693245906977,4.144668209767442,4.1560954526976746,4.146334326558139,4.161437243069767,4.164899693395348
GM0080,4.043837611,4.079674517,4.079816866,4.088158103,4.104190046,4.111302436,4.057179727,4.127719315,2,4.05066727644,4.072187560093333,4.081940190866667,4.100965317826667,4.120917301213334,4.1180894698133335,4.12183468044,4.14059472768
GM0085,4.114467573,4.123382821,4.135189264,4.124408247,4.134747664,4.143128483,4.141258227,4.144169933,0,4.096524932353846,4.0978043586,4.115553911738462,4.100317749153846,4.128914110569231,4.128989741553847,4.135944807569231,4.138489232076923
GM0086,4.152973884,4.179684575,4.18542865,4.204163267,4.1755906,4.21786308,4.209731676,4.219599954,3,4.062886955134328,4.077514644149254,4.098040871820896,4.097555255328358,4.100845745462687,4.120962627074627,4.137471543776119,4.134993271328359
GM0088,4.113143978,4.123618849,4.146672828,4.323892604,4.299501234,4.214329168,4.23699338,4.230242495,4,4.0636667534651165,4.078576413697674,4.091693245906977,4.144668209767442,4.1560954526976746,4.146334326558139,4.161437243069767,4.164899693395348
GM0090,4.104219742,4.143805261,4.155425251,4.175815437,4.187361446,4.192620447,4.18232142,4.184720188,2,4.05066727644,4.072187560093333,4.081940190866667,4.100965317826667,4.120917301213334,4.1180894698133335,4.12183468044,4.14059472768
GM0093,4.263322047,4.300060004,4.348252822,4.377615269,4.386338326,4.394167585,4.40852477,4.399885611,3,4.062886955134328,4.077514644149254,4.098040871820896,4.097555255328358,4.100845745462687,4.120962627074627,4.137471543776119,4.134993271328359
GM0096,4.554421465,4.651825889,4.670604319,4.605006796,4.689251807,4.579699919,4.599791024,4.505673368,0,4.096524932353846,4.0978043586,4.115553911738462,4.100317749153846,4.128914110569231,4.128989741553847,4.135944807569231,4.138489232076923
GM0098,4.039022271,4.035696967,4.044780767,4.090554008,4.109967879,4.124206468,4.114516419,4.124970159,1,4.076157466063158,4.070072947431579,4.083967035526316,4.1070988579263155,4.125697949421053,4.128177836557895,4.138546759578948,4.135825036757895
GM0106,4.041426881,4.059167839,4.079505348,4.101577681,4.123064523,4.115057057,4.121828226,4.134618481,2,4.05066727644,4.072187560093333,4.081940190866667,4.100965317826667,4.120917301213334,4.1180894698133335,4.12183468044,4.14059472768
GM0109,4.104874977,4.102625355,4.112616612,4.131439062,4.14378149,4.149179869,4.136895418,4.14488369,1,4.076157466063158,4.070072947431579,4.083967035526316,4.1070988579263155,4.125697949421053,4.128177836557895,4.138546759578948,4.135825036757895
GM0114,4.000786507,3.99998591,4.010217824,4.040113387,4.04587089,4.056923603,4.059389038,4.073758001,1,4.076157466063158,4.070072947431579,4.083967035526316,4.1070988579263155,4.125697949421053,4.128177836557895,4.138546759578948,4.135825036757895
GM0118,4.052877271,4.055918328,4.079674858,4.079173127,4.094929778,4.133428473,4.13937377,4.140037393,3,4.062886955134328,4.077514644149254,4.098040871820896,4.097555255328358,4.100845745462687,4.120962627074627,4.137471543776119,4.134993271328359
GM0119,4.058389474,4.094836965,4.118858685,4.129498398,4.142775776,4.143132579,4.143418133,4.170838098,2,4.05066727644,4.072187560093333,4.081940190866667,4.100965317826667,4.120917301213334,4.1180894698133335,4.12183468044,4.14059472768
GM0141,4.018583535,4.030292785,4.061263575,4.026107276,4.059102704,4.057179247,4.075858236,4.082028925,0,4.096524932353846,4.0978043586,4.115553911738462,4.100317749153846,4.128914110569231,4.128989741553847,4.135944807569231,4.138489232076923
GM0147,4.173514617,4.19216901,4.213278501,4.200645179,4.203626152,4.2111646,4.23558453,4.230390357,3,4.062886955134328,4.077514644149254,4.098040871820896,4.097555255328358,4.100845745462687,4.120962627074627,4.137471543776119,4.134993271328359
GM0148,4.138721182,4.147148076,4.160837663,4.169596289,4.19260445,4.182607618,4.19311789,4.189416718,1,4.076157466063158,4.070072947431579,4.083967035526316,4.1070988579263155,4.125697949421053,4.128177836557895,4.138546759578948,4.135825036757895
GM0150,4.061482627,4.077302067,4.086730443,4.070677577,4.104601794,4.090662848,4.106878692,4.116090049,0,4.096524932353846,4.0978043586,4.115553911738462,4.100317749153846,4.128914110569231,4.128989741553847,4.135944807569231,4.138489232076923
GM0153,4.016801495,4.002769354,4.012744139,4.003218239,4.037442673,4.051351777,4.043889146,4.041037013,0,4.096524932353846,4.0978043586,4.115553911738462,4.100317749153846,4.128914110569231,4.128989741553847,4.135944807569231,4.138489232076923
GM0158,4.071935661,4.12010255,4.148123332,4.136387978,4.16471328,4.162894305,4.176738116,4.188171687,2,4.05066727644,4.072187560093333,4.081940190866667,4.100965317826667,4.120917301213334,4.1180894698133335,4.12183468044,4.14059472768
GM0160,4.114580625,4.108070278,4.132472982,4.13570893,4.136739044,4.157051377,4.151374646,4.145810637,3,4.062886955134328,4.077514644149254,4.098040871820896,4.097555255328358,4.100845745462687,4.120962627074627,4.137471543776119,4.134993271328359
GM0163,4.119341962,4.120546811,4.13982756,4.1495386,4.182546719,4.187738815,4.188479086,4.14273042,1,4.076157466063158,4.070072947431579,4.083967035526316,4.1070988579263155,4.125697949421053,4.128177836557895,4.138546759578948,4.135825036757895
GM0164,4.121867049,4.135477448,4.131412073,4.121501121,4.119261207,4.141506059,4.164264416,4.1709879,3,4.062886955134328,4.077514644149254,4.098040871820896,4.097555255328358,4.100845745462687,4.120962627074627,4.137471543776119,4.134993271328359
GM0166,4.093050673,4.098699606,4.102180197,4.141958358,4.161253837,4.147744147,4.161482754,4.164019662,4,4.0636667534651165,4.078576413697674,4.091693245906977,4.144668209767442,4.1560954526976746,4.146334326558139,4.161437243069767,4.164899693395348
GM0168,4.136468304,4.151304972,4.166691572,4.135883218,4.157889854,4.158087181,4.164177256,4.1590219,0,4.096524932353846,4.0978043586,4.115553911738462,4.100317749153846,4.128914110569231,4.128989741553847,4.135944807569231,4.138489232076923
GM0171,4.078773918,4.069671037,4.079610094,4.058806686,4.097706127,4.08087955,4.097225395,4.093971385,0,4.096524932353846,4.0978043586,4.115553911738462,4.100317749153846,4.128914110569231,4.128989741553847,4.135944807569231,4.138489232076923
GM0173,4.082614832,4.108742103,4.107254011,4.127364152,4.156188258,4.148238965,4.166457004,4.189544445,2,4.05066727644,4.072187560093333,4.081940190866667,4.100965317826667,4.120917301213334,4.1180894698133335,4.12183468044,4.14059472768
GM0175,4.171912473,4.163446716,4.157369324,4.177442571,4.166817271,4.196176039,4.194722507,4.211971443,1,4.076157466063158,4.070072947431579,4.083967035526316,4.1070988579263155,4.125697949421053,4.128177836557895,4.138546759578948,4.135825036757895
GM0177,4.134293296,4.157760497,4.167126161,4.182487575,4.201745002,4.189016397,4.195860272,4.189691382,2,4.05066727644,4.072187560093333,4.081940190866667,4.100965317826667,4.120917301213334,4.1180894698133335,4.12183468044,4.14059472768
GM0180,4.2507598,4.242626516,4.236428134,4.246602045,4.258144014,4.233787866,4.215374494,4.24520444,2,4.05066727644,4.072187560093333,4.081940190866667,4.100965317826667,4.120917301213334,4.1180894698133335,4.12183468044,4.14059472768
GM0183,4.179958098,4.19372899,4.214527258,4.212147889,4.235147338,4.256522175,4.241082567,4.238144774,0,4.096524932353846,4.0978043586,4.115553911738462,4.100317749153846,4.128914110569231,4.128989741553847,4.135944807569231,4.138489232076923
GM0184,3.955608506,3.969955325,3.971618222,4.017720634,4.051375539,4.065893952,4.044408857,4.068962753,2,4.05066727644,4.072187560093333,4.081940190866667,4.100965317826667,4.120917301213334,4.1180894698133335,4.12183468044,4.14059472768
GM0189,4.157230305,4.165746844,4.18495681,4.194537254,4.217000261,4.212834847,4.224405569,4.204416434,1,4.076157466063158,4.070072947431579,4.083967035526316,4.1070988579263155,4.125697949421053,4.128177836557895,4.138546759578948,4.135825036757895
GM0193,4.083011337,4.074848452,4.089281202,4.12714163,4.146815505,4.140916484,4.150724449,4.144650123,1,4.076157466063158,4.070072947431579,4.083967035526316,4.1070988579263155,4.125697949421053,4.128177836557895,4.138546759578948,4.135825036757895
GM0197,4.097103646,4.088877239,4.101236335,4.108179659,4.130034865,4.129944849,4.140398314,4.136141972,1,4.076157466063158,4.070072947431579,4.083967035526316,4.1070988579263155,4.125697949421053,4.128177836557895,4.138546759578948,4.135825036757895
GM0200,4.125469941,4.125303179,4.139572984,4.139165952,4.154973153,4.161462462,4.18041804,4.189887628,0,4.096524932353846,4.0978043586,4.115553911738462,4.100317749153846,4.128914110569231,4.128989741553847,4.135944807569231,4.138489232076923
GM0202,3.936672681,3.957796209,3.997150215,4.00243681,4.015294853,4.032516898,4.052492152,4.053104585,3,4.062886955134328,4.077514644149254,4.098040871820896,4.097555255328358,4.100845745462687,4.120962627074627,4.137471543776119,4.134993271328359
GM0203,4.039662347,4.05946159,4.079192984,4.085524069,4.088436607,4.100664784,4.117804355,4.133565812,3,4.062886955134328,4.077514644149254,4.098040871820896,4.097555255328358,4.100845745462687,4.120962627074627,4.137471543776119,4.134993271328359
GM0209,4.056795085,4.101345234,4.111034584,4.109951927,4.131287328,4.152549719,4.156277666,4.167890956,2,4.05066727644,4.072187560093333,4.081940190866667,4.100965317826667,4.120917301213334,4.1180894698133335,4.12183468044,4.14059472768
GM0213,4.061269683,4.038422181,4.062265684,4.087858793,4.124295142,4.133190699,4.13151441,4.13016619,1,4.076157466063158,4.070072947431579,4.083967035526316,4.1070988579263155,4.125697949421053,4.128177836557895,4.138546759578948,4.135825036757895
GM0214,4.083638097,4.087085636,4.101564631,4.092355231,4.106569966,4.10171635,4.100483644,4.097738221,0,4.096524932353846,4.0978043586,4.115553911738462,4.100317749153846,4.128914110569231,4.128989741553847,4.135944807569231,4.138489232076923
GM0216,4.004321778,3.999558242,4.011284721,3.987543299,3.995382312,4.010407963,4.031135012,4.062850312,0,4.096524932353846,4.0978043586,4.115553911738462,4.100317749153846,4.128914110569231,4.128989741553847,4.135944807569231,4.138489232076923
GM0221,3.912713029,3.882916258,3.916163924,3.972320167,3.999516749,4.027116439,4.05895474,4.09207696,1,4.076157466063158,4.070072947431579,4.083967035526316,4.1070988579263155,4.125697949421053,4.128177836557895,4.138546759578948,4.135825036757895
GM0222,4.014832653,4.017047928,4.035527503,4.052339535,4.064165769,4.063151148,4.080452263,4.110640736,2,4.05066727644,4.072187560093333,4.081940190866667,4.100965317826667,4.120917301213334,4.1180894698133335,4.12183468044,4.14059472768
GM0225,4.030137976,4.053289538,4.097381947,4.106683407,4.117538971,4.135440963,4.143670421,4.129602032,3,4.062886955134328,4.077514644149254,4.098040871820896,4.097555255328358,4.100845745462687,4.120962627074627,4.137471543776119,4.134993271328359
GM0226,4.076388573,4.082363572,4.095058487,4.107886075,4.123482616,4.119485945,4.127314103,4.130517514,1,4.076157466063158,4.070072947431579,4.083967035526316,4.1070988579263155,4.125697949421053,4.128177836557895,4.138546759578948,4.135825036757895
GM0228,4.004549027,4.017125816,4.031790388,4.068737507,4.093887532,4.099816276,4.102645294,4.143371292,2,4.05066727644,4.072187560093333,4.081940190866667,4.100965317826667,4.120917301213334,4.1180894698133335,4.12183468044,4.14059472768
GM0230,4.066736001,4.080345682,4.09364592,4.12920437,4.148426634,4.135165401,4.127705983,4.120580247,4,4.0636667534651165,4.078576413697674,4.091693245906977,4.144668209767442,4.1560954526976746,4.146334326558139,4.161437243069767,4.164899693395348
GM0232,4.138542933,4.140516909,4.16242467,4.177961232,4.208327979,4.184997941,4.174756221,4.192365998,2,4.05066727644,4.072187560093333,4.081940190866667,4.100965317826667,4.120917301213334,4.1180894698133335,4.12183468044,4.14059472768
GM0233,4.113295584,4.104670915,4.106950014,4.113867138,4.128019526,4.148788643,4.159759665,4.179476279,1,4.076157466063158,4.070072947431579,4.083967035526316,4.1070988579263155,4.125697949421053,4.128177836557895,4.138546759578948,4.135825036757895
GM0243,4.070601052,4.07347256,4.086652928,4.060576893,4.107975161,4.14013211,4.145682277,4.146382028,0,4.096524932353846,4.0978043586,4.115553911738462,4.100317749153846,4.128914110569231,4.128989741553847,4.135944807569231,4.138489232076923
GM0244,4.143458978,4.136518612,4.158369652,4.198582981,4.171573581,4.218971233,4.229853883,4.229023083,3,4.062886955134328,4.077514644149254,4.098040871820896,4.097555255328358,4.100845745462687,4.120962627074627,4.137471543776119,4.134993271328359
GM0246,4.120842385,4.081258754,4.103050971,4.137089992,4.180010815,4.172507909,4.18000158,4.177441536,1,4.076157466063158,4.070072947431579,4.083967035526316,4.1070988579263155,4.125697949421053,4.128177836557895,4.138546759578948,4.135825036757895
GM0252,4.102513352,4.124686775,4.155523868,4.180564965,4.186315663,4.18307063,4.183229362,4.196417998,2,4.05066727644,4.072187560093333,4.081940190866667,4.100965317826667,4.120917301213334,4.1180894698133335,4.12183468044,4.14059472768
GM0262,4.196120822,4.189237286,4.196647265,4.200909631,4.207933619,4.214833473,4.218562914,4.209552432,1,4.076157466063158,4.070072947431579,4.083967035526316,4.1070988579263155,4.125697949421053,4.128177836557895,4.138546759578948,4.135825036757895
GM0263,4.051294725,4.085030336,4.079095771,4.079598869,4.093853855,4.086059653,4.076744152,4.091058594,2,4.05066727644,4.072187560093333,4.081940190866667,4.100965317826667,4.120917301213334,4.1180894698133335,4.12183468044,4.14059472768
GM0267,4.100378966,4.114796219,4.134878093,4.14813209,4.161865519,4.157096318,4.17264857,4.180948609,2,4.05066727644,4.072187560093333,4.081940190866667,4.100965317826667,4.120917301213334,4.1180894698133335,4.12183468044,4.14059472768
GM0268,3.948135948,3.986224395,4.012682578,4.037168022,4.058215481,4.06413237,4.090604104,4.088304194,2,4.05066727644,4.072187560093333,4.081940190866667,4.100965317826667,4.120917301213334,4.1180894698133335,4.12183468044,4.14059472768
GM0269,4.160447481,4.172134959,4.191303513,4.203195287,4.193544681,4.212537699,4.211544905,4.164193246,3,4.062886955134328,4.077514644149254,4.098040871820896,4.097555255328358,4.100845745462687,4.120962627074627,4.137471543776119,4.134993271328359
GM0273,4.17898219,4.152732714,4.145865644,4.132132508,4.142609541,4.160710224,4.167482525,4.161718584,0,4.096524932353846,4.0978043586,4.115553911738462,4.100317749153846,4.128914110569231,4.128989741553847,4.135944807569231,4.138489232076923
GM0274,4.199047498,4.19228979,4.207500668,4.243018227,4.237077963,4.245582008,4.247979004,4.205856431,1,4.076157466063158,4.070072947431579,4.083967035526316,4.1070988579263155,4.125697949421053,4.128177836557895,4.138546759578948,4.135825036757895
GM0275,4.065187847,4.084597963,4.093509945,4.11471593,4.136583566,4.13018948,4.147736754,4.154205421,2,4.05066727644,4.072187560093333,4.081940190866667,4.100965317826667,4.120917301213334,4.1180894698133335,4.12183468044,4.14059472768
GM0277,4.380968633,4.389216829,4.400734239,4.385880624,4.404270545,4.411580976,4.396869997,4.386487527,0,4.096524932353846,4.0978043586,4.115553911738462,4.100317749153846,4.128914110569231,4.128989741553847,4.135944807569231,4.138489232076923
GM0279,3.877575966,3.907473486,3.917159428,3.961315718,4.004570751,4.009362651,4.015388553,4.005249081,4,4.0636667534651165,4.078576413697674,4.091693245906977,4.144668209767442,4.1560954526976746,4.146334326558139,4.161437243069767,4.164899693395348
GM0281,3.857733194,3.881856266,3.896539802,3.922558087,3.945097138,3.938379384,3.94213886,3.957381183,2,4.05066727644,4.072187560093333,4.081940190866667,4.100965317826667,4.120917301213334,4.1180894698133335,4.12183468044,4.14059472768
GM0285,4.177770554,4.178301626,4.216737881,4.224248909,4.221061256,4.232187945,4.23838723,4.249058015,3,4.062886955134328,4.077514644149254,4.098040871820896,4.097555255328358,4.100845745462687,4.120962627074627,4.137471543776119,4.134993271328359
GM0289,3.983808059,4.051621051,4.060820706,4.002325486,4.029059147,4.087602665,4.108570483,4.107348243,3,4.062886955134328,4.077514644149254,4.098040871820896,4.097555255328358,4.100845745462687,4.120962627074627,4.137471543776119,4.134993271328359
GM0293,3.965960077,4.005124536,4.032901345,4.063846393,4.088499049,4.068117843,4.089824242,4.083738905,4,4.0636667534651165,4.078576413697674,4.091693245906977,4.144668209767442,4.1560954526976746,4.146334326558139,4.161437243069767,4.164899693395348
GM0294,4.113827919,4.116743917,4.125068216,4.118911451,4.126607762,4.143342507,4.157767371,4.136260804,3,4.062886955134328,4.077514644149254,4.098040871820896,4.097555255328358,4.100845745462687,4.120962627074627,4.137471543776119,4.134993271328359
GM0296,4.052327046,4.079058333,4.102771135,4.086307619,4.106401299,4.131778058,4.160682372,4.15872928,3,4.062886955134328,4.077514644149254,4.098040871820896,4.097555255328358,4.100845745462687,4.120962627074627,4.137471543776119,4.134993271328359
GM0297,4.060455941,4.06767754,4.065990033,4.078120853,4.066986796,4.080906557,4.08086098,4.095467229,3,4.062886955134328,4.077514644149254,4.098040871820896,4.097555255328358,4.100845745462687,4.120962627074627,4.137471543776119,4.134993271328359
GM0299,4.006309075,4.027236835,4.052989501,4.094137014,4.087687541,4.09442362,4.121974713,4.127616544,4,4.0636667534651165,4.078576413697674,4.091693245906977,4.144668209767442,4.1560954526976746,4.146334326558139,4.161437243069767,4.164899693395348
GM0301,4.070171869,4.058033131,4.082411562,4.079431302,4.094202029,4.092602736,4.098449147,4.129022909,0,4.096524932353846,4.0978043586,4.115553911738462,4.100317749153846,4.128914110569231,4.128989741553847,4.135944807569231,4.138489232076923
GM0302,4.106601697,4.126121028,4.120246062,4.12830439,4.139770053,4.160332106,4.155164603,4.158448945,2,4.05066727644,4.072187560093333,4.081940190866667,4.100965317826667,4.120917301213334,4.1180894698133335,4.12183468044,4.14059472768
GM0303,3.966599213,4.003942769,4.024077349,4.063210705,4.074071697,4.073517342,4.076186789,4.100491222,2,4.05066727644,4.072187560093333,4.081940190866667,4.100965317826667,4.120917301213334,4.1180894698133335,4.12183468044,4.14059472768
GM0307,4.10676755,4.097950358,4.121048679,4.128272238,4.144196238,4.152828953,4.161744871,4.179791464,1,4.076157466063158,4.070072947431579,4.083967035526316,4.1070988579263155,4.125697949421053,4.128177836557895,4.138546759578948,4.135825036757895
GM0308,4.12326989,4.156607785,4.165686585,4.15512418,4.185477692,4.175225053,4.183467231,4.220415373,2,4.05066727644,4.072187560093333,4.081940190866667,4.100965317826667,4.120917301213334,4.1180894698133335,4.12183468044,4.14059472768
GM0310,4.123315791,4.124070433,4.137684702,4.13155496,4.154202511,4.183712729,4.192791006,4.170235464,3,4.062886955134328,4.077514644149254,4.098040871820896,4.097555255328358,4.100845745462687,4.120962627074627,4.137471543776119,4.134993271328359
GM0312,4.161005837,4.188153631,4.206170866,4.217380009,4.211998238,4.232502405,4.252872979,4.223422435,3,4.062886955134328,4.077514644149254,4.098040871820896,4.097555255328358,4.100845745462687,4.120962627074627,4.137471543776119,4.134993271328359
GM0313,4.06849457,4.047685415,4.078722545,4.093389615,4.115213967,4.095239716,4.137024648,4.146312629,1,4.076157466063158,4.070072947431579,4.083967035526316,4.1070988579263155,4.125697949421053,4.128177836557895,4.138546759578948,4.135825036757895
GM0317,4.184691685,4.140617367,4.176887795,4.183377805,4.206649451,4.181796439,4.204676088,4.195296732,1,4.076157466063158,4.070072947431579,4.083967035526316,4.1070988579263155,4.125697949421053,4.128177836557895,4.138546759578948,4.135825036757895
GM0321,4.088621149,4.143226816,4.154096247,4.177503731,4.188043954,4.184083297,4.177030766,4.147942327,2,4.05066727644,4.072187560093333,4.081940190866667,4.100965317826667,4.120917301213334,4.1180894698133335,4.12183468044,4.14059472768
GM0327,4.116676571,4.104834173,4.134651973,4.168054101,4.166007083,4.197069689,4.209062176,4.231207566,1,4.076157466063158,4.070072947431579,4.083967035526316,4.1070988579263155,4.125697949421053,4.128177836557895,4.138546759578948,4.135825036757895
GM0331,4.004170329,4.017271817,4.031583765,4.039869295,4.048023622,4.064905133,4.088384053,4.05727358,3,4.062886955134328,4.077514644149254,4.098040871820896,4.097555255328358,4.100845745462687,4.120962627074627,4.137471543776119,4.134993271328359
GM0335,4.132916269,4.153116184,4.163918463,4.129299816,4.152174477,4.133401878,4.148400564,4.151650543,0,4.096524932353846,4.0978043586,4.115553911738462,4.100317749153846,4.128914110569231,4.128989741553847,4.135944807569231,4.138489232076923
GM0339,3.917104806,3.9477857,3.990370696,3.968406554,3.962600036,4.018722223,4.082972284,4.089286301,3,4.062886955134328,4.077514644149254,4.098040871820896,4.097555255328358,4.100845745462687,4.120962627074627,4.137471543776119,4.134993271328359
GM0340,4.049980692,4.057247484,4.061777992,4.077849083,4.096934236,4.09949455,4.11993742,4.100008193,1,4.076157466063158,4.070072947431579,4.083967035526316,4.1070988579263155,4.125697949421053,4.128177836557895,4.138546759578948,4.135825036757895
GM0342,4.047444849,4.056657395,4.068125676,4.098659227,4.104230112,4.085644483,4.112961807,4.129244185,4,4.0636667534651165,4.078576413697674,4.091693245906977,4.144668209767442,4.1560954526976746,4.146334326558139,4.161437243069767,4.164899693395348
GM0344,3.987468082,4.022806952,4.045245571,4.050884,4.072919881,4.080451727,4.098550992,4.101909927,3,4.062886955134328,4.077514644149254,4.098040871820896,4.097555255328358,4.100845745462687,4.120962627074627,4.137471543776119,4.134993271328359
GM0345,3.949170075,3.963235802,3.970605268,3.996458934,4.040701252,4.036358658,4.046567851,4.100943672,2,4.05066727644,4.072187560093333,4.081940190866667,4.100965317826667,4.120917301213334,4.1180894698133335,4.12183468044,4.14059472768
GM0351,4.028587022,4.022553715,4.050117727,4.094873022,4.108365438,4.107020171,4.101530292,4.1087145,1,4.076157466063158,4.070072947431579,4.083967035526316,4.1070988579263155,4.125697949421053,4.128177836557895,4.138546759578948,4.135825036757895
GM0352,3.996991564,4.005634479,4.026954868,4.059217002,4.144444301,4.089720104,4.103028596,4.131412616,2,4.05066727644,4.072187560093333,4.081940190866667,4.100965317826667,4.120917301213334,4.1180894698133335,4.12183468044,4.14059472768
GM0353,4.028412371,4.03361525,4.06127311,4.094329021,4.122038101,4.123625694,4.147262762,4.094913284,1,4.076157466063158,4.070072947431579,4.083967035526316,4.1070988579263155,4.125697949421053,4.128177836557895,4.138546759578948,4.135825036757895
GM0355,4.037938075,4.032445602,4.038335914,4.12203605,4.153279593,4.148228506,4.168463664,4.163278557,4,4.0636667534651165,4.078576413697674,4.091693245906977,4.144668209767442,4.1560954526976746,4.146334326558139,4.161437243069767,4.164899693395348
GM0356,4.020505729,4.025059675,4.045357134,4.069089813,4.05445644,4.06781267,4.102956318,4.061912613,3,4.062886955134328,4.077514644149254,4.098040871820896,4.097555255328358,4.100845745462687,4.120962627074627,4.137471543776119,4.134993271328359
GM0358,4.065391756,4.079210924,4.091436927,4.09296994,4.063587314,4.113764599,4.118463229,4.116334906,3,4.062886955134328,4.077514644149254,4.098040871820896,4.097555255328358,4.100845745462687,4.120962627074627,4.137471543776119,4.134993271328359
GM0361,4.001014582,4.025628483,4.046947716,4.087700301,4.1070759,4.110576048,4.139477129,4.139798031,4,4.0636667534651165,4.078576413697674,4.091693245906977,4.144668209767442,4.1560954526976746,4.146334326558139,4.161437243069767,4.164899693395348
GM0362,4.104802334,4.105732688,4.090102332,4.122260969,4.137380096,4.158668576,4.171435746,4.184195534,1,4.076157466063158,4.070072947431579,4.083967035526316,4.1070988579263155,4.125697949421053,4.128177836557895,4.138546759578948,4.135825036757895
GM0363,4.020502475,4.084702829,4.121565407,4.119984345,4.130811811,4.131039999,4.182004882,4.175733164,3,4.062886955134328,4.077514644149254,4.098040871820896,4.097555255328358,4.100845745462687,4.120962627074627,4.137471543776119,4.134993271328359
GM0373,4.209584125,4.236256815,4.258913294,4.288023078,4.289155528,4.291035791,4.310349221,4.308418365,4,4.0636667534651165,4.078576413697674,4.091693245906977,4.144668209767442,4.1560954526976746,4.146334326558139,4.161437243069767,4.164899693395348
GM0375,3.994345176,4.027310552,4.026698872,4.030924639,4.000693535,4.001875195,4.028803582,4.0177827,3,4.062886955134328,4.077514644149254,4.098040871820896,4.097555255328358,4.100845745462687,4.120962627074627,4.137471543776119,4.134993271328359
GM0376,4.202829858,4.215211303,4.217548389,4.25058449,4.241801276,4.224700498,4.237741778,4.278701312,2,4.05066727644,4.072187560093333,4.081940190866667,4.100965317826667,4.120917301213334,4.1180894698133335,4.12183468044,4.14059472768
GM0377,4.284134204,4.299427263,4.298534422,4.33104741,4.344425937,4.32711924,4.358518883,4.357903654,4,4.0636667534651165,4.078576413697674,4.091693245906977,4.144668209767442,4.1560954526976746,4.146334326558139,4.161437243069767,4.164899693395348
GM0383,4.103259906,4.130861461,4.136289401,4.191619007,4.210130167,4.187472417,4.210890325,4.229405896,4,4.0636667534651165,4.078576413697674,4.091693245906977,4.144668209767442,4.1560954526976746,4.146334326558139,4.161437243069767,4.164899693395348
GM0384,3.992425415,4.011908711,4.022275408,4.019592588,4.007786851,4.026594673,4.049471559,4.084704771,3,4.062886955134328,4.077514644149254,4.098040871820896,4.097555255328358,4.100845745462687,4.120962627074627,4.137471543776119,4.134993271328359
GM0385,4.108896695,4.135226176,4.141874118,4.170141444,4.182986002,4.158774105,4.156156857,4.168091691,2,4.05066727644,4.072187560093333,4.081940190866667,4.100965317826667,4.120917301213334,4.1180894698133335,4.12183468044,4.14059472768
GM0388,3.946916714,4.001475514,4.017206752,4.026999352,4.067253229,4.078642463,4.101657845,4.137130762,2,4.05066727644,4.072187560093333,4.081940190866667,4.100965317826667,4.120917301213334,4.1180894698133335,4.12183468044,4.14059472768
GM0392,4.051405251,4.066258003,4.065803745,4.100307504,4.128629018,4.121228045,4.15786156,4.15900945,4,4.0636667534651165,4.078576413697674,4.091693245906977,4.144668209767442,4.1560954526976746,4.146334326558139,4.161437243069767,4.164899693395348
GM0394,4.04448144,4.057689215,4.061687891,4.088842678,4.095574809,4.096077334,4.117600046,4.117410475,1,4.076157466063158,4.070072947431579,4.083967035526316,4.1070988579263155,4.125697949421053,4.128177836557895,4.138546759578948,4.135825036757895
GM0396,4.007168914,4.035258481,4.063304291,4.07789971,4.072618741,4.068624207,4.083652371,4.081561292,3,4.062886955134328,4.077514644149254,4.098040871820896,4.097555255328358,4.100845745462687,4.120962627074627,4.137471543776119,4.134993271328359
GM0397,4.173560881,4.187717363,4.194954283,4.233517497,4.260825057,4.246316195,4.286518205,4.278041722,4,4.0636667534651165,4.078576413697674,4.091693245906977,4.144668209767442,4.1560954526976746,4.146334326558139,4.161437243069767,4.164899693395348
GM0399,4.112968362,4.115601472,4.138370355,4.199059766,4.206742489,4.187448702,4.20291589,4.193373872,4,4.0636667534651165,4.078576413697674,4.091693245906977,4.144668209767442,4.1560954526976746,4.146334326558139,4.161437243069767,4.164899693395348
GM0400,3.93275054,3.947518627,3.988040991,4.012515045,4.030476461,4.010282014,4.027040222,4.029734749,4,4.0636667534651165,4.078576413697674,4.091693245906977,4.144668209767442,4.1560954526976746,4.146334326558139,4.161437243069767,4.164899693395348
GM0402,4.1287917,4.130971281,4.116115454,4.120819839,4.142869356,4.146498146,4.168146136,4.187978267,2,4.05066727644,4.072187560093333,4.081940190866667,4.100965317826667,4.120917301213334,4.1180894698133335,4.12183468044,4.14059472768
GM0405,3.982285923,3.989647056,4.008422938,4.032249418,4.081707524,4.1023871,4.109455265,4.10792713,1,4.076157466063158,4.070072947431579,4.083967035526316,4.1070988579263155,4.125697949421053,4.128177836557895,4.138546759578948,4.135825036757895
GM0406,4.013448695,4.028515293,4.043612381,4.100852935,4.110916459,4.100449409,4.125365075,4.183919721,4,4.0636667534651165,4.078576413697674,4.091693245906977,4.144668209767442,4.1560954526976746,4.146334326558139,4.161437243069767,4.164899693395348
GM0415,4.108581518,4.106052452,4.107717059,4.150158184,4.171425352,4.142675113,4.154855255,4.167101981,4,4.0636667534651165,4.078576413697674,4.091693245906977,4.144668209767442,4.1560954526976746,4.146334326558139,4.161437243069767,4.164899693395348
GM0417,4.250558524,4.24675874,4.244355882,4.307117628,4.317856028,4.323509027,4.334914123,4.339176392,4,4.0636667534651165,4.078576413697674,4.091693245906977,4.144668209767442,4.1560954526976746,4.146334326558139,4.161437243069767,4.164899693395348
GM0420,4.031752692,4.058472384,4.063549094,4.079150256,4.105229777,4.107208552,4.106557747,4.105611681,2,4.05066727644,4.072187560093333,4.081940190866667,4.100965317826667,4.120917301213334,4.1180894698133335,4.12183468044,4.14059472768
GM0431,4.146936714,4.150658017,4.133281595,4.168413056,4.176125906,4.163584069,4.1899372,4.185312325,4,4.0636667534651165,4.078576413697674,4.091693245906977,4.144668209767442,4.1560954526976746,4.146334326558139,4.161437243069767,4.164899693395348
GM0432,3.985789255,3.996064587,4.016203818,4.047711485,4.089273052,4.11108467,4.108212614,4.107105542,1,4.076157466063158,4.070072947431579,4.083967035526316,4.1070988579263155,4.125697949421053,4.128177836557895,4.138546759578948,4.135825036757895
GM0437,4.170155296,4.187330878,4.186102763,4.168665827,4.188134043,4.181208593,4.17775829,4.185074974,0,4.096524932353846,4.0978043586,4.115553911738462,4.100317749153846,4.128914110569231,4.128989741553847,4.135944807569231,4.138489232076923
GM0439,4.020991701,4.014617196,4.019500495,4.050289265,4.060653418,4.067388276,4.076475762,4.108142557,2,4.05066727644,4.072187560093333,4.081940190866667,4.100965317826667,4.120917301213334,4.1180894698133335,4.12183468044,4.14059472768
GM0441,4.046658535,4.06380343,4.078224566,4.110074744,4.121502192,4.132221376,4.129440173,4.138891323,2,4.05066727644,4.072187560093333,4.081940190866667,4.100965317826667,4.120917301213334,4.1180894698133335,4.12183468044,4.14059472768
GM0448,4.067226906,4.100994303,4.144346488,4.230415361,4.215811055,4.223663858,4.211153258,4.200869583,4,4.0636667534651165,4.078576413697674,4.091693245906977,4.144668209767442,4.1560954526976746,4.146334326558139,4.161437243069767,4.164899693395348
GM0450,4.131741189,4.102257889,4.115070337,4.082071967,4.074624177,4.110572027,4.141406245,4.115919077,3,4.062886955134328,4.077514644149254,4.098040871820896,4.097555255328358,4.100845745462687,4.120962627074627,4.137471543776119,4.134993271328359
GM0451,4.049731937,4.041926901,4.041843006,4.047641443,4.048115547,4.041016599,4.068953944,4.054911867,1,4.076157466063158,4.070072947431579,4.083967035526316,4.1070988579263155,4.125697949421053,4.128177836557895,4.138546759578948,4.135825036757895
GM0453,4.107119472,4.100119902,4.095955855,4.114007674,4.107374349,4.107115929,4.118633647,4.086471043,1,4.076157466063158,4.070072947431579,4.083967035526316,4.1070988579263155,4.125697949421053,4.128177836557895,4.138546759578948,4.135825036757895
GM0457,4.023579547,4.027758006,4.039576373,4.041544778,4.058835907,4.069793633,4.114256819,4.138806803,3,4.062886955134328,4.077514644149254,4.098040871820896,4.097555255328358,4.100845745462687,4.120962627074627,4.137471543776119,4.134993271328359
GM0473,4.080429018,4.093908505,4.112721863,4.142506393,4.153753685,4.166811571,4.195069799,4.169899035,1,4.076157466063158,4.070072947431579,4.083967035526316,4.1070988579263155,4.125697949421053,4.128177836557895,4.138546759578948,4.135825036757895
GM0479,3.999856984,4.006734056,3.986579571,3.99818336,4.01200084,4.005088702,4.017249865,4.028706353,2,4.05066727644,4.072187560093333,4.081940190866667,4.100965317826667,4.120917301213334,4.1180894698133335,4.12183468044,4.14059472768
GM0482,3.92875857,3.941259082,3.974288186,4.001304279,3.995630387,4.010060783,4.03573874,4.05277699,3,4.062886955134328,4.077514644149254,4.098040871820896,4.097555255328358,4.100845745462687,4.120962627074627,4.137471543776119,4.134993271328359
GM0484,4.011114072,4.026816925,4.042738221,4.091709388,4.096365681,4.078285511,4.079381423,4.080157719,4,4.0636667534651165,4.078576413697674,4.091693245906977,4.144668209767442,4.1560954526976746,4.146334326558139,4.161437243069767,4.164899693395348
GM0489,4.046490839,4.059009551,4.054416475,4.089490715,4.11697483,4.108717534,4.133011697,4.127399935,4,4.0636667534651165,4.078576413697674,4.091693245906977,4.144668209767442,4.1560954526976746,4.146334326558139,4.161437243069767,4.164899693395348
GM0498,4.043982499,4.08986917,4.102771475,4.11680127,4.140352882,4.151745904,4.153069684,4.121939122,3,4.062886955134328,4.077514644149254,4.098040871820896,4.097555255328358,4.100845745462687,4.120962627074627,4.137471543776119,4.134993271328359
GM0501,3.971728041,3.997282187,4.019696217,4.073748372,4.078004926,4.070247586,4.075094848,4.091106014,4,4.0636667534651165,4.078576413697674,4.091693245906977,4.144668209767442,4.1560954526976746,4.146334326558139,4.161437243069767,4.164899693395348
GM0502,3.957410655,3.950639654,3.943172556,3.969735933,3.983766459,4.0039222,4.035550266,4.04643765,1,4.076157466063158,4.070072947431579,4.083967035526316,4.1070988579263155,4.125697949421053,4.128177836557895,4.138546759578948,4.135825036757895
GM0503,3.96567333,3.981866897,3.983434933,4.005440744,4.01934522,4.042577533,4.064692853,4.06532033,3,4.062886955134328,4.077514644149254,4.098040871820896,4.097555255328358,4.100845745462687,4.120962627074627,4.137471543776119,4.134993271328359
GM0505,3.910790301,3.953552323,3.966056654,3.978240965,4.010732656,4.03522832,4.0583119,4.083822991,2,4.05066727644,4.072187560093333,4.081940190866667,4.100965317826667,4.120917301213334,4.1180894698133335,4.12183468044,4.14059472768
GM0512,4.020236051,4.031534208,4.026970146,4.015787555,4.061129164,4.068855787,4.092945884,4.052728996,0,4.096524932353846,4.0978043586,4.115553911738462,4.100317749153846,4.128914110569231,4.128989741553847,4.135944807569231,4.138489232076923
GM0513,3.985191695,3.999575774,4.010044426,4.011287419,4.039507774,4.06319409,4.080775605,4.081230761,3,4.062886955134328,4.077514644149254,4.098040871820896,4.097555255328358,4.100845745462687,4.120962627074627,4.137471543776119,4.134993271328359
GM0518,4.062348376,4.065540978,4.041839802,4.031019451,4.077424258,4.099339635,4.106839116,4.134548793,0,4.096524932353846,4.0978043586,4.115553911738462,4.100317749153846,4.128914110569231,4.128989741553847,4.135944807569231,4.138489232076923
GM0523,4.014712439,4.02409312,4.044572021,4.058158828,4.080335769,4.089129018,4.093603285,4.067391065,1,4.076157466063158,4.070072947431579,4.083967035526316,4.1070988579263155,4.125697949421053,4.128177836557895,4.138546759578948,4.135825036757895
GM0530,3.910153443,3.923261955,3.955914173,4.00442974,4.011911261,4.007640837,4.028990579,4.036750399,4,4.0636667534651165,4.078576413697674,4.091693245906977,4.144668209767442,4.1560954526976746,4.146334326558139,4.161437243069767,4.164899693395348
GM0531,3.985703234,4.031213079,4.042471558,4.062394776,4.100604234,4.113237978,4.128430715,4.132879603,2,4.05066727644,4.072187560093333,4.081940190866667,4.100965317826667,4.120917301213334,4.1180894698133335,4.12183468044,4.14059472768
GM0532,3.99872655,4.00898374,4.034853021,4.064735657,4.104137907,4.113133656,4.117036718,4.127503356,2,4.05066727644,4.072187560093333,4.081940190866667,4.100965317826667,4.120917301213334,4.1180894698133335,4.12183468044,4.14059472768
GM0534,4.019881661,4.028461007,4.054081126,4.076654053,4.09559424,4.094276409,4.110570889,4.099550235,1,4.076157466063158,4.070072947431579,4.083967035526316,4.1070988579263155,4.125697949421053,4.128177836557895,4.138546759578948,4.135825036757895
GM0537,4.086144944,4.096942473,4.117427369,4.192178037,4.193532495,4.194177137,4.222506187,4.214042725,4,4.0636667534651165,4.078576413697674,4.091693245906977,4.144668209767442,4.1560954526976746,4.146334326558139,4.161437243069767,4.164899693395348
GM0542,3.958960443,3.968296181,3.98363094,4.044126857,4.08064698,4.052065542,4.06257696,4.071792902,4,4.0636667534651165,4.078576413697674,4.091693245906977,4.144668209767442,4.1560954526976746,4.146334326558139,4.161437243069767,4.164899693395348
GM0546,4.038539774,4.056072247,4.067059989,4.091229285,4.111902988,4.118502357,4.141415667,4.138158248,1,4.076157466063158,4.070072947431579,4.083967035526316,4.1070988579263155,4.125697949421053,4.128177836557895,4.138546759578948,4.135825036757895
GM0547,4.084615644,4.088270459,4.108684778,4.139479362,4.167270246,4.168794179,4.184167688,4.187933646,1,4.076157466063158,4.070072947431579,4.083967035526316,4.1070988579263155,4.125697949421053,4.128177836557895,4.138546759578948,4.135825036757895
GM0553,4.018675583,4.027431217,4.050526587,4.0891436,4.111098209,4.11165614,4.135139248,4.148330515,4,4.0636667534651165,4.078576413697674,4.091693245906977,4.144668209767442,4.1560954526976746,4.146334326558139,4.161437243069767,4.164899693395348
GM0556,3.923791728,3.941268674,3.927656444,3.952200419,3.957461462,3.951762901,3.982238439,3.999633256,2,4.05066727644,4.072187560093333,4.081940190866667,4.100965317826667,4.120917301213334,4.1180894698133335,4.12183468044,4.14059472768
GM0569,4.05342195,4.044341037,4.073410438,4.10151492,4.11027016,4.114012646,4.127183648,4.118791475,1,4.076157466063158,4.070072947431579,4.083967035526316,4.1070988579263155,4.125697949421053,4.128177836557895,4.138546759578948,4.135825036757895
GM0575,4.080980786,4.090710593,4.109847032,4.153543081,4.159654174,4.155206591,4.168153237,4.199913021,4,4.0636667534651165,4.078576413697674,4.091693245906977,4.144668209767442,4.1560954526976746,4.146334326558139,4.161437243069767,4.164899693395348
GM0579,4.144278215,4.18887066,4.191872939,4.242465558,4.239532873,4.251371517,4.263838415,4.251248595,4,4.0636667534651165,4.078576413697674,4.091693245906977,4.144668209767442,4.1560954526976746,4.146334326558139,4.161437243069767,4.164899693395348
GM0589,4.107490819,4.125107199,4.135670941,4.108261553,4.09413496,4.129133825,4.134925602,4.143609001,3,4.062886955134328,4.077514644149254,4.098040871820896,4.097555255328358,4.100845745462687,4.120962627074627,4.137471543776119,4.134993271328359
GM0590,4.006406116,4.053687058,4.078700086,4.074448811,4.074449934,4.087908624,4.099042943,4.116302045,3,4.062886955134328,4.077514644149254,4.098040871820896,4.097555255328358,4.100845745462687,4.120962627074627,4.137471543776119,4.134993271328359
GM0597,3.986796832,3.98801226,4.002905421,4.035722991,4.064349694,4.064199612,4.088497956,4.064570779,1,4.076157466063158,4.070072947431579,4.083967035526316,4.1070988579263155,4.125697949421053,4.128177836557895,4.138546759578948,4.135825036757895
GM0599,3.961769241,3.959608593,3.991790517,3.974187681,3.993554299,4.002130824,4.035595332,4.033125739,0,4.096524932353846,4.0978043586,4.115553911738462,4.100317749153846,4.128914110569231,4.128989741553847,4.135944807569231,4.138489232076923
GM0603,4.154508502,4.111003361,4.103065787,4.121194394,4.167628623,4.158255027,4.156214343,4.200525967,1,4.076157466063158,4.070072947431579,4.083967035526316,4.1070988579263155,4.125697949421053,4.128177836557895,4.138546759578948,4.135825036757895
GM0606,3.996767477,3.978441125,3.973979487,3.96204153,3.973100903,3.972015039,4.001450466,4.006748654,0,4.096524932353846,4.0978043586,4.115553911738462,4.100317749153846,4.128914110569231,4.128989741553847,4.135944807569231,4.138489232076923
GM0610,3.978079803,4.005422844,3.992561346,4.007329566,4.040446702,4.036779024,4.04575602,4.02990683,2,4.05066727644,4.072187560093333,4.081940190866667,4.100965317826667,4.120917301213334,4.1180894698133335,4.12183468044,4.14059472768
GM0613,4.092479721,4.084847988,4.085659943,4.109447937,4.134002071,4.132435033,4.155334241,4.137164017,1,4.076157466063158,4.070072947431579,4.083967035526316,4.1070988579263155,4.125697949421053,4.128177836557895,4.138546759578948,4.135825036757895
GM0614,4.142133669,4.104224354,4.123870886,4.147562821,4.173762805,4.17493015,4.177146758,4.185138462,1,4.076157466063158,4.070072947431579,4.083967035526316,4.1070988579263155,4.125697949421053,4.128177836557895,4.138546759578948,4.135825036757895
GM0622,3.994050774,3.971178287,3.979750394,3.978662003,3.989951628,3.993207951,4.004801304,3.99195518,1,4.076157466063158,4.070072947431579,4.083967035526316,4.1070988579263155,4.125697949421053,4.128177836557895,4.138546759578948,4.135825036757895
GM0626,4.095626101,4.098835878,4.124204204,4.15627804,4.175652666,4.173058855,4.200824036,4.20144763,1,4.076157466063158,4.070072947431579,4.083967035526316,4.1070988579263155,4.125697949421053,4.128177836557895,4.138546759578948,4.135825036757895
GM0627,4.005851745,4.018496126,4.034559042,4.052500984,4.065041869,4.078418319,4.102923874,4.132229971,2,4.05066727644,4.072187560093333,4.081940190866667,4.100965317826667,4.120917301213334,4.1180894698133335,4.12183468044,4.14059472768
GM0629,4.266948796,4.242502689,4.221336132,4.258848387,4.283438843,4.279838821,4.302851706,4.30576873,1,4.076157466063158,4.070072947431579,4.083967035526316,4.1070988579263155,4.125697949421053,4.128177836557895,4.138546759578948,4.135825036757895
GM0632,4.041888127,4.080530009,4.096297394,4.102793024,4.13093976,4.136560107,4.158314539,4.167140552,2,4.05066727644,4.072187560093333,4.081940190866667,4.100965317826667,4.120917301213334,4.1180894698133335,4.12183468044,4.14059472768
GM0637,3.97926465,3.962776591,3.96606886,4.008852652,4.024615407,4.022349106,4.05215284,4.056599616,1,4.076157466063158,4.070072947431579,4.083967035526316,4.1070988579263155,4.125697949421053,4.128177836557895,4.138546759578948,4.135825036757895
GM0638,4.071440912,4.088795393,4.110872909,4.156519961,4.162598892,4.171879533,4.18948691,4.178308423,4,4.0636667534651165,4.078576413697674,4.091693245906977,4.144668209767442,4.1560954526976746,4.146334326558139,4.161437243069767,4.164899693395348
GM0642,3.969942043,3.984896967,4.010052236,4.019171933,4.034644024,4.041020102,4.062210288,4.065264213,3,4.062886955134328,4.077514644149254,4.098040871820896,4.097555255328358,4.100845745462687,4.120962627074627,4.137471543776119,4.134993271328359
GM0654,4.025597988,4.050447398,4.048414198,4.087849448,4.103537007,4.094232548,4.104513265,4.105182117,4,4.0636667534651165,4.078576413697674,4.091693245906977,4.144668209767442,4.1560954526976746,4.146334326558139,4.161437243069767,4.164899693395348
GM0664,4.0985582,4.136728328,4.122372091,4.138431339,4.147299501,4.145700674,4.149365111,4.155569161,2,4.05066727644,4.072187560093333,4.081940190866667,4.100965317826667,4.120917301213334,4.1180894698133335,4.12183468044,4.14059472768
GM0668,4.08772919,4.089194101,4.106965256,4.136402525,4.139047401,4.137491436,4.129862445,4.133375418,1,4.076157466063158,4.070072947431579,4.083967035526316,4.1070988579263155,4.125697949421053,4.128177836557895,4.138546759578948,4.135825036757895
GM0677,4.051968065,4.078029277,4.06168657,4.092773402,4.091715116,4.106823261,4.104421043,4.107408472,2,4.05066727644,4.072187560093333,4.081940190866667,4.100965317826667,4.120917301213334,4.1180894698133335,4.12183468044,4.14059472768
GM0678,4.082775348,4.112022532,4.110330517,4.189069429,4.198357056,4.183482206,4.174339571,4.194552123,4,4.0636667534651165,4.078576413697674,4.091693245906977,4.144668209767442,4.1560954526976746,4.146334326558139,4.161437243069767,4.164899693395348
GM0687,4.041348543,4.078497899,4.081664666,4.089891601,4.109329174,4.142914889,4.174405161,4.15337217,3,4.062886955134328,4.077514644149254,4.098040871820896,4.097555255328358,4.100845745462687,4.120962627074627,4.137471543776119,4.134993271328359
GM0703,3.977626723,3.979245804,3.97986178,3.994733581,4.007230068,4.00614,4.023654774,4.015158635,1,4.076157466063158,4.070072947431579,4.083967035526316,4.1070988579263155,4.125697949421053,4.128177836557895,4.138546759578948,4.135825036757895
GM0715,3.988043314,4.018229794,4.023923038,4.04294181,4.055692865,4.052671738,4.067953271,4.072940902,2,4.05066727644,4.072187560093333,4.081940190866667,4.100965317826667,4.120917301213334,4.1180894698133335,4.12183468044,4.14059472768
GM0716,3.930124624,3.951963775,3.944690302,3.990526543,4.01581342,3.999551471,4.001759716,4.031588254,2,4.05066727644,4.072187560093333,4.081940190866667,4.100965317826667,4.120917301213334,4.1180894698133335,4.12183468044,4.14059472768
GM0717,4.159463601,4.167610189,4.175518834,4.230612205,4.250941039,4.255896737,4.267219022,4.270910735,4,4.0636667534651165,4.078576413697674,4.091693245906977,4.144668209767442,4.1560954526976746,4.146334326558139,4.161437243069767,4.164899693395348
GM0718,4.001577966,4.02577146,4.024397262,4.004962262,4.061182591,4.095468171,4.123507567,4.116831632,0,4.096524932353846,4.0978043586,4.115553911738462,4.100317749153846,4.128914110569231,4.128989741553847,4.135944807569231,4.138489232076923
GM0736,4.098964154,4.108092203,4.131375123,4.131273413,4.124330512,4.147211461,4.125776913,4.137933436,3,4.062886955134328,4.077514644149254,4.098040871820896,4.097555255328358,4.100845745462687,4.120962627074627,4.137471543776119,4.134993271328359
GM0737,4.101321958,4.1254656,4.144898402,4.169671926,4.176011533,4.176375619,4.151052615,4.203431406,2,4.05066727644,4.072187560093333,4.081940190866667,4.100965317826667,4.120917301213334,4.1180894698133335,4.12183468044,4.14059472768
GM0743,4.045843478,4.106062449,4.123230108,4.105776403,4.105028768,4.135444515,4.184226613,4.166982851,3,4.062886955134328,4.077514644149254,4.098040871820896,4.097555255328358,4.100845745462687,4.120962627074627,4.137471543776119,4.134993271328359
GM0744,4.135758511,4.087808675,4.116526412,4.121084953,4.198893907,4.168034683,4.152253421,4.137172439,0,4.096524932353846,4.0978043586,4.115553911738462,4.100317749153846,4.128914110569231,4.128989741553847,4.135944807569231,4.138489232076923
GM0748,3.998198555,4.012824468,4.03135332,4.030826679,4.020517326,4.012735608,4.06356032,4.059568447,3,4.062886955134328,4.077514644149254,4.098040871820896,4.097555255328358,4.100845745462687,4.120962627074627,4.137471543776119,4.134993271328359
GM0753,4.069127153,4.072000659,4.078086537,4.105862214,4.133301554,4.132325319,4.150661762,4.152861572,1,4.076157466063158,4.070072947431579,4.083967035526316,4.1070988579263155,4.125697949421053,4.128177836557895,4.138546759578948,4.135825036757895
GM0755,4.130915351,4.134590517,4.162589721,4.132414294,4.143753446,4.184732477,4.186905677,4.170325914,3,4.062886955134328,4.077514644149254,4.098040871820896,4.097555255328358,4.100845745462687,4.120962627074627,4.137471543776119,4.134993271328359
GM0757,4.102771906,4.105197331,4.125689228,4.093623435,4.120916746,4.115153702,4.110989076,4.115089458,0,4.096524932353846,4.0978043586,4.115553911738462,4.100317749153846,4.128914110569231,4.128989741553847,4.135944807569231,4.138489232076923
GM0758,4.013956924,4.018075205,4.052650378,4.055878815,4.074201848,4.087436372,4.115261193,4.124013505,3,4.062886955134328,4.077514644149254,4.098040871820896,4.097555255328358,4.100845745462687,4.120962627074627,4.137471543776119,4.134993271328359
GM0762,4.051475693,4.0606406,4.097710479,4.086509683,4.081732478,4.096014337,4.116340842,4.116822265,3,4.062886955134328,4.077514644149254,4.098040871820896,4.097555255328358,4.100845745462687,4.120962627074627,4.137471543776119,4.134993271328359
GM0765,4.020084711,4.010406874,3.995472271,4.017952754,4.034785893,4.069081256,4.091248641,4.091907693,1,4.076157466063158,4.070072947431579,4.083967035526316,4.1070988579263155,4.125697949421053,4.128177836557895,4.138546759578948,4.135825036757895
GM0766,4.005490982,4.039826153,4.057980033,4.048206634,4.087417667,4.101645802,4.108558021,4.106789675,0,4.096524932353846,4.0978043586,4.115553911738462,4.100317749153846,4.128914110569231,4.128989741553847,4.135944807569231,4.138489232076923
GM0770,4.165497418,4.15309932,4.171608319,4.185298936,4.171804495,4.189234201,4.204125331,4.206156043,3,4.062886955134328,4.077514644149254,4.098040871820896,4.097555255328358,4.100845745462687,4.120962627074627,4.137471543776119,4.134993271328359
GM0772,4.030658823,4.040174816,4.04881806,4.031013289,4.046581566,4.056518974,4.081508832,4.095385649,0,4.096524932353846,4.0978043586,4.115553911738462,4.100317749153846,4.128914110569231,4.128989741553847,4.135944807569231,4.138489232076923
GM0777,4.013134299,4.020783506,4.034688377,4.043301024,4.063971336,4.093046384,4.103468982,4.085364812,3,4.062886955134328,4.077514644149254,4.098040871820896,4.097555255328358,4.100845745462687,4.120962627074627,4.137471543776119,4.134993271328359
GM0779,3.994177435,3.999028118,4.033305903,4.047069957,4.081787609,4.07082815,4.075584332,4.119562041,2,4.05066727644,4.072187560093333,4.081940190866667,4.100965317826667,4.120917301213334,4.1180894698133335,4.12183468044,4.14059472768
GM0784,4.028212036,4.026169841,4.055618687,4.024143061,4.059111579,4.064478665,4.075107314,4.053109409,0,4.096524932353846,4.0978043586,4.115553911738462,4.100317749153846,4.128914110569231,4.128989741553847,4.135944807569231,4.138489232076923
GM0785,4.089305643,4.099074606,4.144190592,4.137119188,4.165237116,4.174906113,4.194068262,4.194133602,0,4.096524932353846,4.0978043586,4.115553911738462,4.100317749153846,4.128914110569231,4.128989741553847,4.135944807569231,4.138489232076923
GM0794,3.963307135,3.992536521,4.013558482,3.9930538,3.992496709,4.001939127,4.01031313,4.014322756,3,4.062886955134328,4.077514644149254,4.098040871820896,4.097555255328358,4.100845745462687,4.120962627074627,4.137471543776119,4.134993271328359
GM0796,3.972505985,4.002899573,4.017644036,4.054724657,4.092916807,4.101404113,4.117856662,4.11802886,2,4.05066727644,4.072187560093333,4.081940190866667,4.100965317826667,4.120917301213334,4.1180894698133335,4.12183468044,4.14059472768
GM0797,4.077722835,4.092624631,4.109415851,4.11126454,4.150884188,4.146715598,4.162330857,4.12507381,0,4.096524932353846,4.0978043586,4.115553911738462,4.100317749153846,4.128914110569231,4.128989741553847,4.135944807569231,4.138489232076923
GM0798,4.166255864,4.165377409,4.190393899,4.172608444,4.13822457,4.196957342,4.201235498,4.214932799,3,4.062886955134328,4.077514644149254,4.098040871820896,4.097555255328358,4.100845745462687,4.120962627074627,4.137471543776119,4.134993271328359
GM0809,4.078678625,4.069902291,4.071717373,4.084992816,4.136285846,4.121293436,4.134788193,4.116864631,1,4.076157466063158,4.070072947431579,4.083967035526316,4.1070988579263155,4.125697949421053,4.128177836557895,4.138546759578948,4.135825036757895
GM0820,4.14417987,4.135430141,4.15072324,4.189461772,4.203607272,4.209850157,4.223076799,4.233629398,1,4.076157466063158,4.070072947431579,4.083967035526316,4.1070988579263155,4.125697949421053,4.128177836557895,4.138546759578948,4.135825036757895
GM0823,4.103090799,4.122157335,4.148947166,4.151976159,4.184867256,4.174655369,4.184996986,4.199910828,2,4.05066727644,4.072187560093333,4.081940190866667,4.100965317826667,4.120917301213334,4.1180894698133335,4.12183468044,4.14059472768
GM0824,4.100377468,4.117678652,4.126400388,4.141999602,4.168516892,4.174178908,4.188895164,4.198030155,2,4.05066727644,4.072187560093333,4.081940190866667,4.100965317826667,4.120917301213334,4.1180894698133335,4.12183468044,4.14059472768
GM0826,4.072136311,4.062477372,4.073582371,4.068673345,4.096854098,4.096719741,4.115168962,4.145666968,0,4.096524932353846,4.0978043586,4.115553911738462,4.100317749153846,4.128914110569231,4.128989741553847,4.135944807569231,4.138489232076923
GM0828,4.095118564,4.105800817,4.110830558,4.071300223,4.086528916,4.105594233,4.105543357,4.113795703,0,4.096524932353846,4.0978043586,4.115553911738462,4.100317749153846,4.128914110569231,4.128989741553847,4.135944807569231,4.138489232076923
GM0840,4.046491718,4.048802914,4.077681907,4.052742915,4.120844097,4.10431434,4.111848154,4.101568058,0,4.096524932353846,4.0978043586,4.115553911738462,4.100317749153846,4.128914110569231,4.128989741553847,4.135944807569231,4.138489232076923
GM0845,4.149855121,4.165308714,4.173624706,4.184792359,4.197279716,4.204638406,4.226279256,4.210367144,3,4.062886955134328,4.077514644149254,4.098040871820896,4.097555255328358,4.100845745462687,4.120962627074627,4.137471543776119,4.134993271328359
GM0847,4.136882463,4.130577833,4.156994539,4.146590678,4.149271105,4.151844206,4.151848424,4.178310429,0,4.096524932353846,4.0978043586,4.115553911738462,4.100317749153846,4.128914110569231,4.128989741553847,4.135944807569231,4.138489232076923
GM0848,4.113035616,4.119008532,4.133337089,4.151012828,4.148894219,4.172579871,4.185325066,4.189570093,3,4.062886955134328,4.077514644149254,4.098040871820896,4.097555255328358,4.100845745462687,4.120962627074627,4.137471543776119,4.134993271328359
GM0851,4.014128982,4.022134056,4.026468901,4.034633483,4.049076554,4.047322733,4.05041399,4.062956957,2,4.05066727644,4.072187560093333,4.081940190866667,4.100965317826667,4.120917301213334,4.1180894698133335,4.12183468044,4.14059472768
GM0852,4.105610623,4.075693713,4.088170957,4.156012503,4.159055216,4.151918048,4.163596841,4.153578979,4,4.0636667534651165,4.078576413697674,4.091693245906977,4.144668209767442,4.1560954526976746,4.146334326558139,4.161437243069767,4.164899693395348
GM0855,3.992595315,3.995908543,4.021339086,3.980222815,4.005322311,4.001722429,4.019338188,4.044919852,0,4.096524932353846,4.0978043586,4.115553911738462,4.100317749153846,4.128914110569231,4.128989741553847,4.135944807569231,4.138489232076923
GM0858,4.061365448,4.063257591,4.087640622,4.096820119,4.116203537,4.118070045,4.13354981,4.143436349,1,4.076157466063158,4.070072947431579,4.083967035526316,4.1070988579263155,4.125697949421053,4.128177836557895,4.138546759578948,4.135825036757895
GM0861,4.120645458,4.114195461,4.12370554,4.133480993,4.159608437,4.176108866,4.196088049,4.186339172,1,4.076157466063158,4.070072947431579,4.083967035526316,4.1070988579263155,4.125697949421053,4.128177836557895,4.138546759578948,4.135825036757895
GM0865,4.137061563,4.135969362,4.14732129,4.184320931,4.190069889,4.203792651,4.220561472,4.233458742,1,4.076157466063158,4.070072947431579,4.083967035526316,4.1070988579263155,4.125697949421053,4.128177836557895,4.138546759578948,4.135825036757895
GM0866,4.212572405,4.207692348,4.227438549,4.208230728,4.226943396,4.237391312,4.25401746,4.264326205,0,4.096524932353846,4.0978043586,4.115553911738462,4.100317749153846,4.128914110569231,4.128989741553847,4.135944807569231,4.138489232076923
GM0867,4.036195068,4.043937103,4.064678907,4.070475359,4.09111259,4.100279759,4.111631354,4.092886481,3,4.062886955134328,4.077514644149254,4.098040871820896,4.097555255328358,4.100845745462687,4.120962627074627,4.137471543776119,4.134993271328359
GM0873,4.042931542,4.039813125,4.053397322,4.066888961,4.063207746,4.056699409,4.088473327,4.056366791,1,4.076157466063158,4.070072947431579,4.083967035526316,4.1070988579263155,4.125697949421053,4.128177836557895,4.138546759578948,4.135825036757895
GM0879,4.06853113,4.038181056,4.040567054,4.017688245,4.053563954,4.064085911,4.075663802,4.091302225,0,4.096524932353846,4.0978043586,4.115553911738462,4.100317749153846,4.128914110569231,4.128989741553847,4.135944807569231,4.138489232076923
GM0880,4.102030066,4.115306402,4.091767783,4.120833813,4.137359564,4.111726814,4.124974534,4.138782062,2,4.05066727644,4.072187560093333,4.081940190866667,4.100965317826667,4.120917301213334,4.1180894698133335,4.12183468044,4.14059472768
GM0882,3.995089059,3.983299267,4.025075294,4.021292853,4.045695937,4.055579078,4.079722092,4.099003526,0,4.096524932353846,4.0978043586,4.115553911738462,4.100317749153846,4.128914110569231,4.128989741553847,4.135944807569231,4.138489232076923
GM0888,4.118118335,4.093966814,4.111094347,4.104793113,4.126790893,4.146968465,4.16076012,4.154884403,0,4.096524932353846,4.0978043586,4.115553911738462,4.100317749153846,4.128914110569231,4.128989741553847,4.135944807569231,4.138489232076923
GM0889,4.054064437,4.049934844,4.08892652,4.088820223,4.103012632,4.122614492,4.154025704,4.159623235,3,4.062886955134328,4.077514644149254,4.098040871820896,4.097555255328358,4.100845745462687,4.120962627074627,4.137471543776119,4.134993271328359
GM0893,4.080166208,4.053909812,4.064515369,4.082425341,4.070583989,4.081279648,4.085034975,4.086556874,1,4.076157466063158,4.070072947431579,4.083967035526316,4.1070988579263155,4.125697949421053,4.128177836557895,4.138546759578948,4.135825036757895
GM0899,3.949702182,3.944668917,3.996771614,4.01353357,4.042111663,4.037289372,4.059231883,4.033366735,1,4.076157466063158,4.070072947431579,4.083967035526316,4.1070988579263155,4.125697949421053,4.128177836557895,4.138546759578948,4.135825036757895
GM0907,4.045701214,4.04440068,4.093606516,4.090374843,4.099015418,4.120570726,4.120816246,4.12273351,3,4.062886955134328,4.077514644149254,4.098040871820896,4.097555255328358,4.100845745462687,4.120962627074627,4.137471543776119,4.134993271328359
GM0917,3.949240132,3.950930645,3.963650688,3.946622877,3.977938384,3.989786914,4.003564879,4.026485246,0,4.096524932353846,4.0978043586,4.115553911738462,4.100317749153846,4.128914110569231,4.128989741553847,4.135944807569231,4.138489232076923
GM0928,3.929561632,3.921713447,3.919421375,3.938173434,3.95541765,3.944856806,3.965017597,3.981568674,1,4.076157466063158,4.070072947431579,4.083967035526316,4.1070988579263155,4.125697949421053,4.128177836557895,4.138546759578948,4.135825036757895
GM0935,3.96519334,3.951922298,3.96897976,3.952551753,3.985716741,4.044060438,4.076980233,4.089122247,3,4.062886955134328,4.077514644149254,4.098040871820896,4.097555255328358,4.100845745462687,4.120962627074627,4.137471543776119,4.134993271328359
GM0938,4.118376333,4.088653688,4.108812335,4.088749466,4.117558224,4.144309159,4.166066537,4.190487176,0,4.096524932353846,4.0978043586,4.115553911738462,4.100317749153846,4.128914110569231,4.128989741553847,4.135944807569231,4.138489232076923
GM0944,4.126310748,4.131427873,4.151203209,4.181191821,4.203667502,4.203379243,4.201754251,4.219318801,2,4.05066727644,4.072187560093333,4.081940190866667,4.100965317826667,4.120917301213334,4.1180894698133335,4.12183468044,4.14059472768
GM0946,4.135238551,4.14154958,4.166336617,4.160880022,4.174047657,4.184440922,4.190011149,4.188176135,3,4.062886955134328,4.077514644149254,4.098040871820896,4.097555255328358,4.100845745462687,4.120962627074627,4.137471543776119,4.134993271328359
GM0957,3.980516483,3.967633384,4.023447056,4.002139416,4.059810991,4.093979315,4.103560131,4.108486322,0,4.096524932353846,4.0978043586,4.115553911738462,4.100317749153846,4.128914110569231,4.128989741553847,4.135944807569231,4.138489232076923
GM0965,4.061968122,4.052104001,4.08671588,4.106713753,4.095217305,4.121288367,4.120661068,4.139579851,3,4.062886955134328,4.077514644149254,4.098040871820896,4.097555255328358,4.100845745462687,4.120962627074627,4.137471543776119,4.134993271328359
GM0971,4.091530994,4.100286506,4.120357158,4.121883703,4.144968171,4.124849316,4.111387566,4.108188274,0,4.096524932353846,4.0978043586,4.115553911738462,4.100317749153846,4.128914110569231,4.128989741553847,4.135944807569231,4.138489232076923
GM0981,3.917053964,3.916800474,3.956491382,3.982501569,3.984232382,3.988288361,3.989269356,4.04465079,2,4.05066727644,4.072187560093333,4.081940190866667,4.100965317826667,4.120917301213334,4.1180894698133335,4.12183468044,4.14059472768
GM0983,4.023016227,4.028203719,4.049753995,4.020172887,4.047030534,4.051574063,4.063313942,4.071542472,0,4.096524932353846,4.0978043586,4.115553911738462,4.100317749153846,4.128914110569231,4.128989741553847,4.135944807569231,4.138489232076923
GM0984,4.025287843,4.017824613,4.025562868,4.024822803,4.056963512,4.068853078,4.077815768,4.083462075,0,4.096524932353846,4.0978043586,4.115553911738462,4.100317749153846,4.128914110569231,4.128989741553847,4.135944807569231,4.138489232076923
GM0986,4.15141622,4.134238602,4.172387865,4.170303173,4.211631296,4.191841263,4.194452561,4.208180493,0,4.096524932353846,4.0978043586,4.115553911738462,4.100317749153846,4.128914110569231,4.128989741553847,4.135944807569231,4.138489232076923
GM0988,4.013637645,4.027113044,4.062232926,4.055662156,4.091185451,4.092534694,4.106122574,4.163510514,2,4.05066727644,4.072187560093333,4.081940190866667,4.100965317826667,4.120917301213334,4.1180894698133335,4.12183468044,4.14059472768
GM0994,4.082385277,4.09785487,4.130278155,4.127100407,4.14888343,4.171375688,4.164029897,4.207131753,2,4.05066727644,4.072187560093333,4.081940190866667,4.100965317826667,4.120917301213334,4.1180894698133335,4.12183468044,4.14059472768
GM0995,3.989327908,4.040050953,4.039236232,4.071146237,4.051150521,4.019658396,4.021827013,4.051883759,2,4.05066727644,4.072187560093333,4.081940190866667,4.100965317826667,4.120917301213334,4.1180894698133335,4.12183468044,4.14059472768
GM1507,4.113319444,4.129280521,4.143655951,4.128449205,4.149621078,4.13716047,4.142300778,4.13879801,0,4.096524932353846,4.0978043586,4.115553911738462,4.100317749153846,4.128914110569231,4.128989741553847,4.135944807569231,4.138489232076923
GM1509,4.008447313,4.013441507,4.041693221,4.076660182,4.091977292,4.097109174,4.116682261,4.107470086,1,4.076157466063158,4.070072947431579,4.083967035526316,4.1070988579263155,4.125697949421053,4.128177836557895,4.138546759578948,4.135825036757895
GM1525,4.078763561,4.106894553,4.120302956,4.164730068,4.180984438,4.168294307,4.186401727,4.190619988,4,4.0636667534651165,4.078576413697674,4.091693245906977,4.144668209767442,4.1560954526976746,4.146334326558139,4.161437243069767,4.164899693395348
GM1581,4.150575283,4.147250868,4.145623494,4.168838964,4.163528669,4.173178273,4.196152084,4.189037649,1,4.076157466063158,4.070072947431579,4.083967035526316,4.1070988579263155,4.125697949421053,4.128177836557895,4.138546759578948,4.135825036757895
GM1586,4.090897319,4.121483407,4.131979549,4.149016114,4.147700767,4.153411795,4.16414249,4.168436259,2,4.05066727644,4.072187560093333,4.081940190866667,4.100965317826667,4.120917301213334,4.1180894698133335,4.12183468044,4.14059472768
GM1598,4.064659815,4.052066876,4.072424705,4.108001281,4.125047076,4.131288789,4.127882306,4.128518363,1,4.076157466063158,4.070072947431579,4.083967035526316,4.1070988579263155,4.125697949421053,4.128177836557895,4.138546759578948,4.135825036757895
GM1621,4.064840204,4.056489411,4.084972296,4.097771028,4.121141332,4.116886882,4.142212905,4.151522534,1,4.076157466063158,4.070072947431579,4.083967035526316,4.1070988579263155,4.125697949421053,4.128177836557895,4.138546759578948,4.135825036757895
GM1640,4.104039421,4.118685993,4.133600713,4.134839374,4.140884743,4.145815854,4.160491108,4.17264715,3,4.062886955134328,4.077514644149254,4.098040871820896,4.097555255328358,4.100845745462687,4.120962627074627,4.137471543776119,4.134993271328359
GM1641,4.109499513,4.108525774,4.128411289,4.144511651,4.185545959,4.167949883,4.195221662,4.186181905,1,4.076157466063158,4.070072947431579,4.083967035526316,4.1070988579263155,4.125697949421053,4.128177836557895,4.138546759578948,4.135825036757895
GM1652,4.098846833,4.111152949,4.135618583,4.116689346,4.131774397,4.133822633,4.161528788,4.143169038,3,4.062886955134328,4.077514644149254,4.098040871820896,4.097555255328358,4.100845745462687,4.120962627074627,4.137471543776119,4.134993271328359
GM1655,4.020827334,4.02504297,4.049194877,4.047976535,4.053940646,4.071119617,4.077539534,4.080045152,3,4.062886955134328,4.077514644149254,4.098040871820896,4.097555255328358,4.100845745462687,4.120962627074627,4.137471543776119,4.134993271328359
GM1658,4.116606169,4.122267231,4.146084882,4.176272623,4.211203824,4.192602666,4.194194168,4.192775322,1,4.076157466063158,4.070072947431579,4.083967035526316,4.1070988579263155,4.125697949421053,4.128177836557895,4.138546759578948,4.135825036757895
GM1659,4.069939485,4.097272274,4.126053082,4.118592241,4.158890942,4.152180058,4.165820397,4.147432356,0,4.096524932353846,4.0978043586,4.115553911738462,4.100317749153846,4.128914110569231,4.128989741553847,4.135944807569231,4.138489232076923
GM1667,4.136457137,4.118018458,4.151738273,4.136713017,4.143436371,4.139114388,4.13710239,4.146200556,0,4.096524932353846,4.0978043586,4.115553911738462,4.100317749153846,4.128914110569231,4.128989741553847,4.135944807569231,4.138489232076923
GM1669,4.084136536,4.095901417,4.12419396,4.116297462,4.118407154,4.132642341,4.140972398,4.14042702,3,4.062886955134328,4.077514644149254,4.098040871820896,4.097555255328358,4.100845745462687,4.120962627074627,4.137471543776119,4.134993271328359
GM1674,3.984780036,3.983263086,3.9978741,3.988539352,3.99181746,3.997120293,4.013666214,3.996670975,3,4.062886955134328,4.077514644149254,4.098040871820896,4.097555255328358,4.100845745462687,4.120962627074627,4.137471543776119,4.134993271328359
GM1676,4.097922693,4.124975194,4.115417352,4.156613603,4.172601816,4.168330819,4.176624124,4.213416106,2,4.05066727644,4.072187560093333,4.081940190866667,4.100965317826667,4.120917301213334,4.1180894698133335,4.12183468044,4.14059472768
GM1680,4.192350011,4.187573957,4.215538885,4.234320692,4.241116077,4.249098522,4.22530819,4.22782853,1,4.076157466063158,4.070072947431579,4.083967035526316,4.1070988579263155,4.125697949421053,4.128177836557895,4.138546759578948,4.135825036757895
GM1681,4.151571758,4.137716334,4.159933938,4.188105222,4.183814602,4.181374722,4.172541652,4.171894823,1,4.076157466063158,4.070072947431579,4.083967035526316,4.1070988579263155,4.125697949421053,4.128177836557895,4.138546759578948,4.135825036757895
GM1690,4.203896423,4.184910246,4.204965238,4.222348764,4.239322679,4.228239105,4.214359674,4.226498347,1,4.076157466063158,4.070072947431579,4.083967035526316,4.1070988579263155,4.125697949421053,4.128177836557895,4.138546759578948,4.135825036757895
GM1695,4.075049986,4.088604243,4.08455103,4.097620684,4.106493188,4.127774825,4.140492942,4.148821444,3,4.062886955134328,4.077514644149254,4.098040871820896,4.097555255328358,4.100845745462687,4.120962627074627,4.137471543776119,4.134993271328359
GM1696,4.151435122,4.141668461,4.144033852,4.170163914,4.195358841,4.169409092,4.16187574,4.159048907,1,4.076157466063158,4.070072947431579,4.083967035526316,4.1070988579263155,4.125697949421053,4.128177836557895,4.138546759578948,4.135825036757895
GM1699,4.202510925,4.182998977,4.191895832,4.210278514,4.23794492,4.22754789,4.226126747,4.234110173,1,4.076157466063158,4.070072947431579,4.083967035526316,4.1070988579263155,4.125697949421053,4.128177836557895,4.138546759578948,4.135825036757895
GM1700,4.074573092,4.101642628,4.104728624,4.124729646,4.144371077,4.110894313,4.105052277,4.126267129,2,4.05066727644,4.072187560093333,4.081940190866667,4.100965317826667,4.120917301213334,4.1180894698133335,4.12183468044,4.14059472768
GM1701,4.23327943,4.229005716,4.240795631,4.242818065,4.24588226,4.249175406,4.238842762,4.231875315,1,4.076157466063158,4.070072947431579,4.083967035526316,4.1070988579263155,4.125697949421053,4.128177836557895,4.138546759578948,4.135825036757895
GM1705,4.089196193,4.118230889,4.119029468,4.111670073,4.129326431,4.142306282,4.160956609,4.154925694,3,4.062886955134328,4.077514644149254,4.098040871820896,4.097555255328358,4.100845745462687,4.120962627074627,4.137471543776119,4.134993271328359
GM1706,4.064113325,4.069086016,4.093339124,4.065019271,4.083789827,4.086690186,4.084039647,4.094234509,0,4.096524932353846,4.0978043586,4.115553911738462,4.100317749153846,4.128914110569231,4.128989741553847,4.135944807569231,4.138489232076923
GM1708,4.140848982,4.135460441,4.157426659,4.154217181,4.155127895,4.158624258,4.151826924,4.162835311,0,4.096524932353846,4.0978043586,4.115553911738462,4.100317749153846,4.128914110569231,4.128989741553847,4.135944807569231,4.138489232076923
GM1709,3.99352729,4.00548656,4.018023248,4.027687241,4.052874016,4.040386,4.043938397,4.045677457,2,4.05066727644,4.072187560093333,4.081940190866667,4.100965317826667,4.120917301213334,4.1180894698133335,4.12183468044,4.14059472768
GM1711,4.040198323,4.033400674,4.077923214,4.091130071,4.128291181,4.131140042,4.150561218,4.143881887,1,4.076157466063158,4.070072947431579,4.083967035526316,4.1070988579263155,4.125697949421053,4.128177836557895,4.138546759578948,4.135825036757895
GM1714,4.193831473,4.186737903,4.201580161,4.150435102,4.128007285,4.161587974,4.159355053,4.157594394,3,4.062886955134328,4.077514644149254,4.098040871820896,4.097555255328358,4.100845745462687,4.120962627074627,4.137471543776119,4.134993271328359
GM1719,4.104380472,4.104529638,4.129874778,4.110597697,4.131386252,4.140266163,4.152024087,4.151211493,0,4.096524932353846,4.0978043586,4.115553911738462,4.100317749153846,4.128914110569231,4.128989741553847,4.135944807569231,4.138489232076923
GM1721,4.154596767,4.145453674,4.169318062,4.148881792,4.170410947,4.17414065,4.186376301,4.198503058,0,4.096524932353846,4.0978043586,4.115553911738462,4.100317749153846,4.128914110569231,4.128989741553847,4.135944807569231,4.138489232076923
GM1723,4.144109432,4.117077392,4.145649598,4.122860316,4.16488671,4.124459072,4.124655263,4.125002344,0,4.096524932353846,4.0978043586,4.115553911738462,4.100317749153846,4.128914110569231,4.128989741553847,4.135944807569231,4.138489232076923
GM1724,4.133898945,4.13610832,4.169607006,4.159251273,4.184094338,4.185786422,4.1976358,4.174105554,0,4.096524932353846,4.0978043586,4.115553911738462,4.100317749153846,4.128914110569231,4.128989741553847,4.135944807569231,4.138489232076923
GM1728,4.112784054,4.121998938,4.123667134,4.110427786,4.120224642,4.121342765,4.110772673,4.111029305,0,4.096524932353846,4.0978043586,4.115553911738462,4.100317749153846,4.128914110569231,4.128989741553847,4.135944807569231,4.138489232076923
GM1729,4.077851281,4.084526487,4.135135161,4.145116111,4.168305079,4.162733411,4.150213,4.191441999,2,4.05066727644,4.072187560093333,4.081940190866667,4.100965317826667,4.120917301213334,4.1180894698133335,4.12183468044,4.14059472768
GM1730,4.213296654,4.197387238,4.230239541,4.240449304,4.26368914,4.254527558,4.237367258,4.247764465,1,4.076157466063158,4.070072947431579,4.083967035526316,4.1070988579263155,4.125697949421053,4.128177836557895,4.138546759578948,4.135825036757895
GM1731,4.132449011,4.137334185,4.156485091,4.155772783,4.167661638,4.17039524,4.149406762,4.157053777,0,4.096524932353846,4.0978043586,4.115553911738462,4.100317749153846,4.128914110569231,4.128989741553847,4.135944807569231,4.138489232076923
GM1734,4.108313939,4.116781898,4.119520668,4.127888058,4.157500279,4.148437351,4.16502426,4.165653443,1,4.076157466063158,4.070072947431579,4.083967035526316,4.1070988579263155,4.125697949421053,4.128177836557895,4.138546759578948,4.135825036757895
GM1735,4.179778509,4.184624806,4.202481086,4.187440613,4.211917212,4.212680798,4.199394886,4.193238855,0,4.096524932353846,4.0978043586,4.115553911738462,4.100317749153846,4.128914110569231,4.128989741553847,4.135944807569231,4.138489232076923
GM1740,4.010015104,4.000239121,4.00136177,4.024583367,4.024829365,4.049052473,4.043705667,4.085705753,2,4.05066727644,4.072187560093333,4.081940190866667,4.100965317826667,4.120917301213334,4.1180894698133335,4.12183468044,4.14059472768
GM1742,4.122908782,4.13955403,4.144244684,4.174993834,4.191681341,4.187477566,4.195026443,4.210013896,2,4.05066727644,4.072187560093333,4.081940190866667,4.100965317826667,4.120917301213334,4.1180894698133335,4.12183468044,4.14059472768
GM1771,4.0585615,4.069178732,4.074857907,4.110705768,4.119458209,4.125174648,4.136801567,4.13159676,1,4.076157466063158,4.070072947431579,4.083967035526316,4.1070988579263155,4.125697949421053,4.128177836557895,4.138546759578948,4.135825036757895
GM1773,4.107881043,4.11767678,4.114525654,4.130514677,4.144066004,4.137207827,4.152332641,4.145917145,1,4.076157466063158,4.070072947431579,4.083967035526316,4.1070988579263155,4.125697949421053,4.128177836557895,4.138546759578948,4.135825036757895
GM1774,4.137452348,4.152507614,4.164774896,4.179224201,4.202068139,4.203358534,4.208876067,4.220078304,2,4.05066727644,4.072187560093333,4.081940190866667,4.100965317826667,4.120917301213334,4.1180894698133335,4.12183468044,4.14059472768
GM1783,4.064441734,4.068816998,4.084781748,4.100691422,4.120061687,4.130021603,4.145489504,4.146115955,1,4.076157466063158,4.070072947431579,4.083967035526316,4.1070988579263155,4.125697949421053,4.128177836557895,4.138546759578948,4.135825036757895
GM1842,4.137084493,4.149742348,4.156330552,4.216916184,4.239016291,4.217242002,4.23071402,4.243570597,4,4.0636667534651165,4.078576413697674,4.091693245906977,4.144668209767442,4.1560954526976746,4.146334326558139,4.161437243069767,4.164899693395348
GM1859,4.113512838,4.124248921,4.144669213,4.140442477,4.149912104,4.157281812,4.156319417,4.166457893,3,4.062886955134328,4.077514644149254,4.098040871820896,4.097555255328358,4.100845745462687,4.120962627074627,4.137471543776119,4.134993271328359
GM1876,4.133585244,4.121861964,4.127985176,4.166594418,4.175203844,4.188751214,4.186486609,4.180932511,1,4.076157466063158,4.070072947431579,4.083967035526316,4.1070988579263155,4.125697949421053,4.128177836557895,4.138546759578948,4.135825036757895
GM1883,4.019386762,4.013288663,4.036428951,4.025743685,4.027294694,4.042635398,4.045216335,4.058024908,3,4.062886955134328,4.077514644149254,4.098040871820896,4.097555255328358,4.100845745462687,4.120962627074627,4.137471543776119,4.134993271328359
GM1884,4.058726566,4.065853757,4.077863321,4.131096237,4.121795727,4.120323014,4.117255762,4.098557493,4,4.0636667534651165,4.078576413697674,4.091693245906977,4.144668209767442,4.1560954526976746,4.146334326558139,4.161437243069767,4.164899693395348
GM1891,4.120305798,4.118466568,4.121494755,4.122215057,4.161223628,4.11351338,4.097352235,4.088540987,0,4.096524932353846,4.0978043586,4.115553911738462,4.100317749153846,4.128914110569231,4.128989741553847,4.135944807569231,4.138489232076923
GM1892,3.998617827,3.982168132,4.007499155,4.053843555,4.086747965,4.091617742,4.112760793,4.108898255,1,4.076157466063158,4.070072947431579,4.083967035526316,4.1070988579263155,4.125697949421053,4.128177836557895,4.138546759578948,4.135825036757895
GM1894,4.099897216,4.105822818,4.13516106,4.140186631,4.14344099,4.154536209,4.167496275,4.177595459,3,4.062886955134328,4.077514644149254,4.098040871820896,4.097555255328358,4.100845745462687,4.120962627074627,4.137471543776119,4.134993271328359
GM1895,4.043541515,4.030906561,4.058212154,4.06912948,4.10970351,4.106376863,4.105218435,4.101957466,1,4.076157466063158,4.070072947431579,4.083967035526316,4.1070988579263155,4.125697949421053,4.128177836557895,4.138546759578948,4.135825036757895
GM1896,4.095010029,4.084661408,4.088306689,4.104402372,4.119927014,4.134670296,4.13052619,4.120965915,1,4.076157466063158,4.070072947431579,4.083967035526316,4.1070988579263155,4.125697949421053,4.128177836557895,4.138546759578948,4.135825036757895
GM1900,4.093512709,4.126875821,4.14667047,4.161064011,4.183183658,4.169414579,4.163328801,4.170359665,2,4.05066727644,4.072187560093333,4.081940190866667,4.100965317826667,4.120917301213334,4.1180894698133335,4.12183468044,4.14059472768
GM1901,4.042502719,4.0568239,4.067934227,4.125167343,4.148540082,4.137015996,4.149042885,4.165680797,4,4.0636667534651165,4.078576413697674,4.091693245906977,4.144668209767442,4.1560954526976746,4.146334326558139,4.161437243069767,4.164899693395348
GM1903,4.092125173,4.079990309,4.094428961,4.122936568,4.162846044,4.162205899,4.164501225,4.177906071,1,4.076157466063158,4.070072947431579,4.083967035526316,4.1070988579263155,4.125697949421053,4.128177836557895,4.138546759578948,4.135825036757895
GM1904,4.032780097,4.045114658,4.061201657,4.085711698,4.113912316,4.107362745,4.12596897,4.109518748,1,4.076157466063158,4.070072947431579,4.083967035526316,4.1070988579263155,4.125697949421053,4.128177836557895,4.138546759578948,4.135825036757895
GM1911,3.973179117,3.976629686,3.991646463,4.032576835,4.046784616,4.05558287,4.060427113,4.065321312,1,4.076157466063158,4.070072947431579,4.083967035526316,4.1070988579263155,4.125697949421053,4.128177836557895,4.138546759578948,4.135825036757895
GM1916,4.127924343,4.116271487,4.109252319,4.14200846,4.17753708,4.175293487,4.18184599,4.192589327,1,4.076157466063158,4.070072947431579,4.083967035526316,4.1070988579263155,4.125697949421053,4.128177836557895,4.138546759578948,4.135825036757895
GM1924,3.958379269,3.958016413,3.984187203,4.051916841,4.073514474,4.06160461,4.07193722,4.061503031,4,4.0636667534651165,4.078576413697674,4.091693245906977,4.144668209767442,4.1560954526976746,4.146334326558139,4.161437243069767,4.164899693395348
GM1926,4.09575236,4.117351818,4.110432745,4.140642187,4.168201053,4.156413043,4.180565498,4.192675859,2,4.05066727644,4.072187560093333,4.081940190866667,4.100965317826667,4.120917301213334,4.1180894698133335,4.12183468044,4.14059472768
GM1930,3.888680644,3.868413645,3.900378259,3.925753353,3.934720038,3.947507563,3.963441462,3.967307638,1,4.076157466063158,4.070072947431579,4.083967035526316,4.1070988579263155,4.125697949421053,4.128177836557895,4.138546759578948,4.135825036757895
GM1931,4.003200084,4.003939073,4.015998894,4.052622208,4.06727648,4.077100308,4.093600916,4.077651447,1,4.076157466063158,4.070072947431579,4.083967035526316,4.1070988579263155,4.125697949421053,4.128177836557895,4.138546759578948,4.135825036757895
GM1940,4.14270385,4.167887677,4.186062611,4.205564565,4.218387186,4.209997876,4.187581142,4.198863302,2,4.05066727644,4.072187560093333,4.081940190866667,4.100965317826667,4.120917301213334,4.1180894698133335,4.12183468044,4.14059472768
GM1942,4.167185198,4.164514981,4.165859146,4.188684463,4.212148888,4.208682211,4.221472271,4.222046638,1,4.076157466063158,4.070072947431579,4.083967035526316,4.1070988579263155,4.125697949421053,4.128177836557895,4.138546759578948,4.135825036757895
GM1945,4.086729582,4.093653436,4.102523692,4.13148224,4.153728023,4.126146569,4.141280917,4.155120813,2,4.05066727644,4.072187560093333,4.081940190866667,4.100965317826667,4.120917301213334,4.1180894698133335,4.12183468044,4.14059472768
GM1948,4.112431594,4.122582186,4.138139083,4.102851248,4.137355783,4.145251057,4.140930427,4.155638646,0,4.096524932353846,4.0978043586,4.115553911738462,4.100317749153846,4.128914110569231,4.128989741553847,4.135944807569231,4.138489232076923
GM1949,4.064033972,4.082055367,4.083836209,4.102449512,4.127415982,4.123827571,4.108197426,4.129194951,2,4.05066727644,4.072187560093333,4.081940190866667,4.100965317826667,4.120917301213334,4.1180894698133335,4.12183468044,4.14059472768
GM1950,4.096393469,4.081936725,4.083840017,4.110483993,4.100546971,4.102954468,4.079933541,4.09091559,1,4.076157466063158,4.070072947431579,4.083967035526316,4.1070988579263155,4.125697949421053,4.128177836557895,4.138546759578948,4.135825036757895
GM1952,4.042874169,4.046253615,4.059755937,4.08040693,4.09384262,4.086907689,4.093472717,4.08462371,1,4.076157466063158,4.070072947431579,4.083967035526316,4.1070988579263155,4.125697949421053,4.128177836557895,4.138546759578948,4.135825036757895
GM1954,4.093104675,4.083631633,4.114335615,4.110820683,4.158279112,4.14398167,4.167233857,4.156800892,0,4.096524932353846,4.0978043586,4.115553911738462,4.100317749153846,4.128914110569231,4.128989741553847,4.135944807569231,4.138489232076923
GM1955,4.106183485,4.104457562,4.10105076,4.116872304,4.118297383,4.123705005,4.112488833,4.131395936,2,4.05066727644,4.072187560093333,4.081940190866667,4.100965317826667,4.120917301213334,4.1180894698133335,4.12183468044,4.14059472768
GM1959,3.986738195,4.00174893,4.020039522,4.056026649,4.086850579,4.089432144,4.084903612,4.067259821,1,4.076157466063158,4.070072947431579,4.083967035526316,4.1070988579263155,4.125697949421053,4.128177836557895,4.138546759578948,4.135825036757895
GM1960,4.060130764,4.059809486,4.076813483,4.070284509,4.084211642,4.08889507,4.08362599,4.112620842,0,4.096524932353846,4.0978043586,4.115553911738462,4.100317749153846,4.128914110569231,4.128989741553847,4.135944807569231,4.138489232076923
GM1961,4.012600132,3.99481868,4.027832909,4.04441556,4.083152123,4.078405347,4.097429543,4.091312876,1,4.076157466063158,4.070072947431579,4.083967035526316,4.1070988579263155,4.125697949421053,4.128177836557895,4.138546759578948,4.135825036757895
GM1963,3.98739262,4.010528228,4.026956251,4.068042242,4.083031707,4.077025,4.08767131,4.093745394,4,4.0636667534651165,4.078576413697674,4.091693245906977,4.144668209767442,4.1560954526976746,4.146334326558139,4.161437243069767,4.164899693395348
GM1966,4.05046918,4.062689454,4.08360879,4.13311421,4.125984697,4.122662827,4.118561665,4.122287235,4,4.0636667534651165,4.078576413697674,4.091693245906977,4.144668209767442,4.1560954526976746,4.146334326558139,4.161437243069767,4.164899693395348
GM1969,4.119671729,4.131152789,4.150035174,4.163746679,4.186437976,4.183255992,4.172657182,4.169640017,2,4.05066727644,4.072187560093333,4.081940190866667,4.100965317826667,4.120917301213334,4.1180894698133335,4.12183468044,4.14059472768
GM1970,4.095799128,4.102628949,4.104367888,4.115315647,4.142636207,4.122279879,4.114165822,4.126866377,2,4.05066727644,4.072187560093333,4.081940190866667,4.100965317826667,4.120917301213334,4.1180894698133335,4.12183468044,4.14059472768
GM1978,4.071089795,4.069998174,4.077681703,4.102979361,4.118998588,4.114003655,4.125290639,4.107962179,1,4.076157466063158,4.070072947431579,4.083967035526316,4.1070988579263155,4.125697949421053,4.128177836557895,4.138546759578948,4.135825036757895
GM1979,4.054507741,4.04605685,4.070430746,4.085789442,4.083772887,4.067950863,4.060620934,4.05401851,1,4.076157466063158,4.070072947431579,4.083967035526316,4.1070988579263155,4.125697949421053,4.128177836557895,4.138546759578948,4.135825036757895
GM1980,4.041987187,4.045008935,4.067237433,4.095946225,4.105021878,4.109203362,4.122713401,4.122598022,1,4.076157466063158,4.070072947431579,4.083967035526316,4.1070988579263155,4.125697949421053,4.128177836557895,4.138546759578948,4.135825036757895
GM1982,4.062751069,4.064851284,4.087371091,4.088836114,4.101479941,4.109472184,4.112703241,4.126137377,0,4.096524932353846,4.0978043586,4.115553911738462,4.100317749153846,4.128914110569231,4.128989741553847,4.135944807569231,4.138489232076923
GM1991,4.064588781,4.089925399,4.09821532,4.10774116,4.139250986,4.165072726,4.168923605,4.177556646,2,4.05066727644,4.072187560093333,4.081940190866667,4.100965317826667,4.120917301213334,4.1180894698133335,4.12183468044,4.14059472768
